{
	"poki_template_version": 1,
	"extra_html": {
	  "head": [
		"<!-- will be copied to the resulting head //-->"
	  ],
	  "body": [
		"<!-- will be copied to the resulting body //-->",
		"<!-- will also be copied to the resulting body //-->"
	  ]
	},
	"background_color": "#231F20",
	"background_filename": "",
	"code_filename": "FortressFury.wasm.unityweb",
	"company_name": "SonaGames",
	"data_filename": "FortressFury.data.unityweb",
	"decompression_fallback": "Gzip",
	"development_player": "false",
	"framework_filename": "FortressFury.framework.js.unityweb",
	"height": "600",
	"loader_filename": "FortressFury.loader.js",
	"memory_filename": "",
	"product_name": "fortress Fury",
	"product_version": "2",
	"splash_screen_style": "Dark",
	"symbols_filename": "",
	"unity_version": "2021.3.33f1",
	"use_data_caching": "true",
	"use_threads": "false",
	"use_wasm": "true",
	"use_webgl_1_0": "true",
	"use_webgl_2_0": "true",
	"width": "960"
  }
